date,key,value,delta,streak,source,collected_at
2026-09-11,fred:HY_OAS,2.65,0.0,0,fred,2026-09-15 13:37
2026-09-11,fred:IG_OAS,0.8,0.0,0,fred,2026-09-15 13:37
2026-09-11,fred:SOFR,3.62,0.0,0,fred,2026-09-15 13:37
2026-09-14,bond:CN10Y,1.6888,0.0,0,cnbond,2026-09-15 13:37
2026-09-14,bond:CN30Y,2.1505,0.0,0,cnbond,2026-09-15 13:37
2026-09-14,cm:COPPER_FUT,6.394,0.000235,2,yahoo,2026-09-15 13:37
2026-09-14,cm:GOLD_FUT,4349.2,0.003553,2,yahoo,2026-09-15 13:37
2026-09-14,fred:FEDFUNDS,3.75,0.0,0,fred,2026-09-15 13:37
2026-09-14,fred:HY_OAS,2.71,0.022642,1,fred,2026-09-16 08:24
2026-09-14,fred:IG_OAS,0.8,0.0,0,fred,2026-09-16 08:24
2026-09-14,fred:RRP,1.42,0.0,0,fred,2026-09-15 13:37
2026-09-14,fred:SOFR,3.62,0.0,0,fred,2026-09-16 08:24
2026-09-14,fred:T10YIE,2.37,0.0,0,fred,2026-09-15 13:37
2026-09-14,fred:UST10Y,4.97,0.0,0,treasury,2026-09-15 13:37
2026-09-14,fred:UST10Y2Y,0.32,0.0,0,fred,2026-09-15 13:37
2026-09-14,fred:UST20Y,5.37,0.0,0,treasury,2026-09-15 13:37
2026-09-14,fred:UST2Y,4.65,0.0,0,treasury,2026-09-15 13:37
2026-09-14,fred:UST30Y,5.34,0.0,0,treasury,2026-09-15 13:37
2026-09-14,fred:VIX,17.1,0.0,0,yahoo,2026-09-15 13:37
2026-09-14,fred:WTI,102.77,0.000195,2,yahoo,2026-09-15 13:37
2026-09-14,idx:DXY,99.602,0.000643,1,yahoo,2026-09-15 13:37
2026-09-14,idx:HSI,24917.6,0.0,0,yahoo,2026-09-15 10:35
2026-09-14,idx:MOVE,83.9023,0.0,0,yahoo,2026-09-15 13:37
2026-09-14,vix:3M,19.28,0.0,0,yahoo,2026-09-15 13:37
2026-09-14,vix:6M,20.71,0.0,0,yahoo,2026-09-15 13:37
2026-09-14,vix:9D,16.91,0.0,0,yahoo,2026-09-15 13:37
2026-09-14,vix:VVIX,94.89,0.0,0,yahoo,2026-09-15 13:37
2026-09-15,bond:CN10Y,1.6865,-0.001362,-1,cnbond,2026-09-16 08:24
2026-09-15,bond:CN30Y,2.14,-0.004883,-1,cnbond,2026-09-16 08:24
2026-09-15,cm:COPPER_FUT,6.4515,0.008993,3,yahoo,2026-09-16 08:24
2026-09-15,cm:GOLD_FUT,4322.8,-0.00607,-1,yahoo,2026-09-16 08:24
2026-09-15,fred:FEDFUNDS,3.75,0.0,0,fred,2026-09-16 08:24
2026-09-15,fred:HY_OAS,2.76,0.01845,2,fred,2026-09-17 08:34
2026-09-15,fred:IG_OAS,0.8,0.0,0,fred,2026-09-17 08:34
2026-09-15,fred:RRP,0.7,-0.507042,-1,fred,2026-09-16 08:24
2026-09-15,fred:SOFR,3.64,0.005525,1,fred,2026-09-17 08:34
2026-09-15,fred:T10YIE,2.38,0.004219,1,fred,2026-09-16 08:24
2026-09-15,fred:UST10Y,5.0,0.006036,1,treasury,2026-09-16 08:24
2026-09-15,fred:UST10Y2Y,0.33,0.03125,1,fred,2026-09-16 08:24
2026-09-15,fred:UST20Y,5.4,0.005587,1,treasury,2026-09-16 08:24
2026-09-15,fred:UST2Y,4.67,0.004301,1,treasury,2026-09-16 08:24
2026-09-15,fred:UST30Y,5.36,0.003745,1,treasury,2026-09-16 08:24
2026-09-15,fred:VIX,17.2,0.005848,1,yahoo,2026-09-16 08:24
2026-09-15,fred:WTI,105.01,0.021796,3,yahoo,2026-09-16 08:24
2026-09-15,fx:USDCNH,6.7114,0.000343,1,yahoo,2026-09-15 13:37
2026-09-15,idx:DXY,99.673,0.000713,2,yahoo,2026-09-16 08:24
2026-09-15,idx:HSI,24667.24,-0.006947,-2,yahoo,2026-09-16 08:24
2026-09-15,idx:MOVE,83.7087,-0.002307,-1,yahoo,2026-09-16 08:24
2026-09-15,vix:3M,19.36,0.004149,1,yahoo,2026-09-16 08:24
2026-09-15,vix:6M,20.76,0.002414,1,yahoo,2026-09-16 08:24
2026-09-15,vix:9D,17.21,0.017741,1,yahoo,2026-09-16 08:24
2026-09-15,vix:VVIX,94.91,0.000211,1,yahoo,2026-09-16 08:24
2026-09-16,bond:CN10Y,1.6858,-0.000415,-2,cnbond,2026-09-17 08:34
2026-09-16,bond:CN30Y,2.1375,-0.001168,-2,cnbond,2026-09-17 08:34
2026-09-16,cm:COPPER_FUT,6.456,0.000698,4,yahoo,2026-09-17 08:34
2026-09-16,cm:GOLD_FUT,4324.6,0.000416,1,yahoo,2026-09-17 08:34
2026-09-16,fred:FEDFUNDS,3.75,0.0,0,fred,2026-09-17 08:34
2026-09-16,fred:HY_OAS,2.7,-0.021739,-1,fred,2026-09-18 08:11
2026-09-16,fred:IG_OAS,0.78,-0.025,-1,fred,2026-09-18 08:11
2026-09-16,fred:RRP,5.375,6.678571,1,fred,2026-09-17 08:34
2026-09-16,fred:SOFR,3.62,-0.005495,-1,fred,2026-09-18 08:11
2026-09-16,fred:T10YIE,2.33,-0.021008,-1,fred,2026-09-17 08:34
2026-09-16,fred:UST10Y,5.01,0.002,2,treasury,2026-09-17 08:34
2026-09-16,fred:UST10Y2Y,0.27,-0.181818,-1,fred,2026-09-17 08:34
2026-09-16,fred:UST20Y,5.39,-0.001852,-1,treasury,2026-09-17 08:34
2026-09-16,fred:UST2Y,4.74,0.014989,2,treasury,2026-09-17 08:34
2026-09-16,fred:UST30Y,5.35,-0.001866,-1,treasury,2026-09-17 08:34
2026-09-16,fred:VIX,17.71,0.029651,2,yahoo,2026-09-17 08:34
2026-09-16,fred:WTI,101.52,-0.033235,-1,yahoo,2026-09-17 08:34
2026-09-16,fx:USDCNH,6.7131,0.000253,2,yahoo,2026-09-16 08:24
2026-09-16,idx:DXY,100.261,0.005899,3,yahoo,2026-09-17 08:34
2026-09-16,idx:HSI,24713.78,0.001887,1,yahoo,2026-09-17 08:34
2026-09-16,idx:MOVE,80.7276,-0.035613,-2,yahoo,2026-09-17 08:34
2026-09-16,vix:3M,19.73,0.019112,2,yahoo,2026-09-17 08:34
2026-09-16,vix:6M,21.03,0.013006,2,yahoo,2026-09-17 08:34
2026-09-16,vix:9D,17.4,0.01104,2,yahoo,2026-09-17 08:34
2026-09-16,vix:VVIX,95.41,0.005268,2,yahoo,2026-09-17 08:34
2026-09-17,bond:CN10Y,1.6862,0.000237,1,cnbond,2026-09-18 08:11
2026-09-17,bond:CN30Y,2.1395,0.000936,1,cnbond,2026-09-18 08:11
2026-09-17,cm:COPPER_FUT,6.62,0.025403,5,yahoo,2026-09-18 08:11
2026-09-17,cm:GOLD_FUT,4382.0,0.013273,2,yahoo,2026-09-18 08:11
2026-09-17,fred:FEDFUNDS,4.0,0.066667,1,fred,2026-09-18 08:11
2026-09-17,fred:HY_OAS,2.7,0.0,0,fred,2026-09-21 08:14
2026-09-17,fred:IG_OAS,0.78,0.0,0,fred,2026-09-21 08:14
2026-09-17,fred:RRP,0.276,-0.948651,-1,fred,2026-09-18 08:11
2026-09-17,fred:SOFR,3.85,0.063536,1,fred,2026-09-21 08:14
2026-09-17,fred:T10YIE,2.33,0.0,0,fred,2026-09-18 08:11
2026-09-17,fred:UST10Y,4.94,-0.013972,-1,treasury,2026-09-18 08:11
2026-09-17,fred:UST10Y2Y,0.27,0.0,0,fred,2026-09-18 08:11
2026-09-17,fred:UST20Y,5.32,-0.012987,-2,treasury,2026-09-18 08:11
2026-09-17,fred:UST2Y,4.67,-0.014768,-1,treasury,2026-09-18 08:11
2026-09-17,fred:UST30Y,5.29,-0.011215,-2,treasury,2026-09-18 08:11
2026-09-17,fred:VIX,15.44,-0.128176,-1,yahoo,2026-09-18 08:11
2026-09-17,fred:WTI,101.09,-0.004236,-2,yahoo,2026-09-18 08:11
2026-09-17,fx:USDCNH,6.7103,-0.000417,-1,yahoo,2026-09-17 08:34
2026-09-17,idx:DXY,100.258,-3e-05,-1,yahoo,2026-09-18 08:11
2026-09-17,idx:HSI,24604.29,-0.00443,-1,yahoo,2026-09-18 08:11
2026-09-17,idx:MOVE,76.2178,-0.055864,-3,yahoo,2026-09-18 08:11
2026-09-17,vix:3M,18.55,-0.059807,-1,yahoo,2026-09-18 08:11
2026-09-17,vix:6M,20.3,-0.034712,-1,yahoo,2026-09-18 08:11
2026-09-17,vix:9D,13.39,-0.23046,-1,yahoo,2026-09-18 08:11
2026-09-17,vix:VVIX,87.72,-0.0806,-1,yahoo,2026-09-18 08:11
2026-09-18,fred:HY_OAS,2.68,-0.007407,-1,fred,2026-09-22 08:24
2026-09-18,fred:IG_OAS,0.77,-0.012821,-1,fred,2026-09-22 08:24
2026-09-18,fred:RRP,0.576,1.086957,1,fred,2026-09-21 08:14
2026-09-18,fred:SOFR,3.85,0.0,0,fred,2026-09-22 08:24
2026-09-18,fred:T10YIE,2.33,0.0,0,fred,2026-09-21 08:14
2026-09-18,fred:UST10Y,5.01,0.01417,1,treasury,2026-09-21 08:14
2026-09-18,fred:UST10Y2Y,0.25,-0.074074,-1,fred,2026-09-21 08:14
2026-09-18,fred:UST20Y,5.38,0.011278,1,treasury,2026-09-21 08:14
2026-09-18,fred:UST2Y,4.76,0.019272,1,treasury,2026-09-21 08:14
2026-09-18,fred:UST30Y,5.34,0.009452,1,treasury,2026-09-21 08:14
2026-09-18,fred:VIX,14.81,-0.040803,-2,yahoo,2026-09-21 08:14
2026-09-18,fx:USDCNH,6.7025,-0.001162,-2,yahoo,2026-09-18 08:11
2026-09-18,idx:HSI,24750.78,0.005954,1,yahoo,2026-09-21 08:14
2026-09-18,idx:MOVE,80.635,0.057955,1,yahoo,2026-09-21 08:14
2026-09-18,vix:3M,18.24,-0.016712,-2,yahoo,2026-09-21 08:14
2026-09-18,vix:6M,20.21,-0.004433,-2,yahoo,2026-09-21 08:14
2026-09-18,vix:9D,12.27,-0.083645,-2,yahoo,2026-09-21 08:14
2026-09-18,vix:VVIX,87.38,-0.003876,-2,yahoo,2026-09-21 08:14
2026-09-20,bond:CN10Y,1.6818,-0.002609,-1,cnbond,2026-09-21 08:14
2026-09-20,bond:CN30Y,2.121,-0.008647,-1,cnbond,2026-09-21 08:14
2026-09-20,cm:COPPER_FUT,6.71,0.013595,6,yahoo,2026-09-21 08:14
2026-09-20,cm:GOLD_FUT,4407.6,0.005842,3,yahoo,2026-09-21 08:14
2026-09-20,fred:FEDFUNDS,4.0,0.0,0,fred,2026-09-21 08:14
2026-09-20,fred:WTI,95.81,-0.052231,-3,yahoo,2026-09-21 08:14
2026-09-20,idx:DXY,100.29,0.000319,1,yahoo,2026-09-21 08:14
2026-09-21,bond:CN10Y,1.6829,0.000654,1,cnbond,2026-09-22 08:24
2026-09-21,bond:CN30Y,2.1185,-0.001179,-2,cnbond,2026-09-22 08:24
2026-09-21,cm:COPPER_FUT,6.8055,0.014232,7,yahoo,2026-09-22 08:24
2026-09-21,cm:GOLD_FUT,4408.7,0.00025,4,yahoo,2026-09-22 08:24
2026-09-21,fred:FEDFUNDS,4.0,0.0,0,fred,2026-09-22 08:24
2026-09-21,fred:HY_OAS,2.66,-0.007463,-2,fred,2026-09-23 08:35
2026-09-21,fred:IG_OAS,0.77,0.0,0,fred,2026-09-23 08:35
2026-09-21,fred:RRP,0.582,0.010417,2,fred,2026-09-22 08:24
2026-09-21,fred:SOFR,3.85,0.0,0,fred,2026-09-23 08:35
2026-09-21,fred:T10YIE,2.34,0.004292,1,fred,2026-09-22 08:24
2026-09-21,fred:UST10Y,4.96,-0.00998,-1,treasury,2026-09-22 08:24
2026-09-21,fred:UST10Y2Y,0.2,-0.2,-2,fred,2026-09-22 08:24
2026-09-21,fred:UST20Y,5.33,-0.009294,-1,treasury,2026-09-22 08:24
2026-09-21,fred:UST2Y,4.76,0.0,0,treasury,2026-09-22 08:24
2026-09-21,fred:UST30Y,5.29,-0.009363,-1,treasury,2026-09-22 08:24
2026-09-21,fred:VIX,14.87,0.004051,1,yahoo,2026-09-22 08:24
2026-09-21,fred:WTI,92.29,-0.036739,-4,yahoo,2026-09-22 08:24
2026-09-21,fx:USDCNH,6.6943,-0.001223,-3,yahoo,2026-09-21 08:14
2026-09-21,idx:DXY,100.391,0.001007,2,yahoo,2026-09-22 08:24
2026-09-21,idx:HSI,25042.71,0.011795,2,yahoo,2026-09-22 08:24
2026-09-21,idx:MOVE,81.197,0.00697,2,yahoo,2026-09-22 08:24
2026-09-21,vix:3M,18.08,-0.008772,-3,yahoo,2026-09-22 08:24
2026-09-21,vix:6M,20.16,-0.002474,-3,yahoo,2026-09-22 08:24
2026-09-21,vix:9D,13.14,0.070905,1,yahoo,2026-09-22 08:24
2026-09-21,vix:VVIX,85.77,-0.018425,-3,yahoo,2026-09-22 08:24
2026-09-22,bond:CN10Y,1.6791,-0.002258,-1,cnbond,2026-09-23 08:35
2026-09-22,bond:CN30Y,2.111,-0.00354,-3,cnbond,2026-09-23 08:35
2026-09-22,cm:COPPER_FUT,6.9,0.013886,8,yahoo,2026-09-23 08:35
2026-09-22,cm:GOLD_FUT,4402.2,-0.001474,-1,yahoo,2026-09-23 08:35
2026-09-22,fred:FEDFUNDS,4.0,0.0,0,fred,2026-09-23 08:35
2026-09-22,fred:HY_OAS,2.68,0.007519,1,fred,2026-09-24 08:20
2026-09-22,fred:IG_OAS,0.77,0.0,0,fred,2026-09-24 08:20
2026-09-22,fred:RRP,0.453,-0.221649,-1,fred,2026-09-23 08:35
2026-09-22,fred:SOFR,3.87,0.005195,1,fred,2026-09-24 08:20
2026-09-22,fred:T10YIE,2.33,-0.004274,-1,fred,2026-09-23 08:35
2026-09-22,fred:UST10Y,4.96,0.0,0,treasury,2026-09-23 08:35
2026-09-22,fred:UST10Y2Y,0.25,0.25,1,fred,2026-09-23 08:35
2026-09-22,fred:UST20Y,5.33,0.0,0,treasury,2026-09-23 08:35
2026-09-22,fred:UST2Y,4.71,-0.010504,-1,treasury,2026-09-23 08:35
2026-09-22,fred:UST30Y,5.29,0.0,0,treasury,2026-09-23 08:35
2026-09-22,fred:VIX,14.21,-0.044385,-1,yahoo,2026-09-23 08:35
2026-09-22,fred:WTI,89.62,-0.028931,-5,yahoo,2026-09-23 08:35
2026-09-22,fx:USDCNH,6.6922,-0.000314,-4,yahoo,2026-09-22 08:24
2026-09-22,idx:DXY,100.566,0.001743,3,yahoo,2026-09-23 08:35
2026-09-22,idx:HSI,25087.75,0.001799,3,yahoo,2026-09-23 08:35
2026-09-22,idx:MOVE,78.5609,-0.032465,-1,yahoo,2026-09-23 08:35
2026-09-22,vix:3M,17.61,-0.025996,-4,yahoo,2026-09-23 08:35
2026-09-22,vix:6M,19.79,-0.018353,-4,yahoo,2026-09-23 08:35
2026-09-22,vix:9D,12.13,-0.076865,-1,yahoo,2026-09-23 08:35
2026-09-22,vix:VVIX,83.17,-0.030314,-4,yahoo,2026-09-23 08:35
2026-09-23,bond:CN10Y,1.6807,0.000953,1,cnbond,2026-09-24 08:20
2026-09-23,bond:CN30Y,2.11,-0.000474,-4,cnbond,2026-09-24 08:20
2026-09-23,cm:COPPER_FUT,6.7745,-0.018188,-1,yahoo,2026-09-24 08:20
2026-09-23,cm:GOLD_FUT,4325.0,-0.017537,-2,yahoo,2026-09-24 08:20
2026-09-23,fred:FEDFUNDS,4.0,0.0,0,fred,2026-09-24 08:20
2026-09-23,fred:RRP,0.461,0.01766,1,fred,2026-09-24 08:20
2026-09-23,fred:T10YIE,2.35,0.008584,1,fred,2026-09-24 08:20
2026-09-23,fred:UST10Y,5.11,0.030242,1,treasury,2026-09-24 08:20
2026-09-23,fred:UST10Y2Y,0.26,0.04,2,fred,2026-09-24 08:20
2026-09-23,fred:UST20Y,5.45,0.022514,1,treasury,2026-09-24 08:20
2026-09-23,fred:UST2Y,4.85,0.029724,1,treasury,2026-09-24 08:20
2026-09-23,fred:UST30Y,5.4,0.020794,1,treasury,2026-09-24 08:20
2026-09-23,fred:VIX,15.18,0.068262,1,yahoo,2026-09-24 08:20
2026-09-23,fred:WTI,92.06,0.027226,1,yahoo,2026-09-24 08:20
2026-09-23,fx:USDCNH,6.6964,0.000628,1,yahoo,2026-09-23 08:35
2026-09-23,idx:DXY,101.131,0.005618,4,yahoo,2026-09-24 08:20
2026-09-23,idx:HSI,24834.12,-0.01011,-1,yahoo,2026-09-24 08:20
2026-09-23,idx:MOVE,95.4527,0.215015,1,yahoo,2026-09-24 08:20
2026-09-23,vix:3M,18.11,0.028393,1,yahoo,2026-09-24 08:20
2026-09-23,vix:6M,20.11,0.01617,1,yahoo,2026-09-24 08:20
2026-09-23,vix:9D,13.45,0.108821,1,yahoo,2026-09-24 08:20
2026-09-23,vix:VVIX,88.6,0.065288,1,yahoo,2026-09-24 08:20
2026-09-24,fx:USDCNH,6.7119,0.002315,2,yahoo,2026-09-24 08:20
